<root>
  <record>
    <ItemType>HELMET</ItemType>
    <ItemPlace>HEAD</ItemPlace>
    <ItemArmorType>HEAVY</ItemArmorType>
    <Properties>
      <Property>PHYSICAL_DEFENCE</Property>
      <Property>PHYSICAL_BLOCK</Property>
    </Properties>
    <LevelRecords>
      <Record Level="3" ItemLevel="0">
        <Value>3</Value>
        <Value>1</Value>
      </Record>
      <Record Level="13" ItemLevel="0">
        <Value>6</Value>
        <Value>2</Value>
      </Record>
      <Record Level="33" ItemLevel="0">
        <Value>12</Value>
        <Value>4</Value>
      </Record>
      <Record Level="53" ItemLevel="0">
        <Value>20</Value>
        <Value>7</Value>
      </Record>
    </LevelRecords>
  </record>
  <record>
    <ItemType>CHEST</ItemType>
    <ItemPlace>BODY</ItemPlace>
    <ItemArmorType>HEAVY</ItemArmorType>
    <Properties>
      <Property>PHYSICAL_DEFENCE</Property>
      <Property>PHYSICAL_BLOCK</Property>
    </Properties>
    <LevelRecords>
      <Record Level="3" ItemLevel="0">
        <Value>4</Value>
        <Value>2</Value>
      </Record>
      <Record Level="13" ItemLevel="0">
        <Value>8</Value>
        <Value>4</Value>
      </Record>
      <Record Level="33" ItemLevel="0">
        <Value>16</Value>
        <Value>8</Value>
      </Record>
      <Record Level="53" ItemLevel="0">
        <Value>26</Value>
        <Value>14</Value>
      </Record>
    </LevelRecords>
  </record>
  <record>
    <ItemType>BOOTS</ItemType>
    <ItemPlace>BOOTS</ItemPlace>
    <ItemArmorType>HEAVY</ItemArmorType>
    <Properties>
      <Property>PHYSICAL_DEFENCE</Property>
    </Properties>
    <LevelRecords>
      <Record Level="3" ItemLevel="0">
        <Value>2</Value>
      </Record>
      <Record Level="13" ItemLevel="0">
        <Value>4</Value>
      </Record>
      <Record Level="33" ItemLevel="0">
        <Value>8</Value>
      </Record>
      <Record Level="53" ItemLevel="0">
        <Value>13</Value>
      </Record>
    </LevelRecords>
  </record>
  <record>
    <ItemType>GLOVES</ItemType>
    <ItemPlace>GLOVES</ItemPlace>
    <ItemArmorType>HEAVY</ItemArmorType>
    <Properties>
      <Property>PHYSICAL_DEFENCE</Property>
    </Properties>
    <LevelRecords>
      <Record Level="3" ItemLevel="0">
        <Value>2</Value>
      </Record>
      <Record Level="13" ItemLevel="0">
        <Value>4</Value>
      </Record>
      <Record Level="33" ItemLevel="0">
        <Value>8</Value>
      </Record>
      <Record Level="53" ItemLevel="0">
        <Value>13</Value>
      </Record>
    </LevelRecords>
  </record>
  <record>
    <ItemType>SHIELD</ItemType>
    <ItemPlace>LEFT_HAND</ItemPlace>
    <ItemArmorType>HEAVY</ItemArmorType>
    <Properties>
      <Property>PHYSICAL_DEFENCE</Property>
      <Property>PHYSICAL_BLOCK</Property>
    </Properties>
    <LevelRecords>
      <Record Level="3" ItemLevel="0">
        <Value>4</Value>
        <Value>2</Value>
      </Record>
      <Record Level="13" ItemLevel="0">
        <Value>8</Value>
        <Value>4</Value>
      </Record>
      <Record Level="33" ItemLevel="0">
        <Value>16</Value>
        <Value>8</Value>
      </Record>
      <Record Level="53" ItemLevel="0">
        <Value>26</Value>
        <Value>14</Value>
      </Record>
    </LevelRecords>
  </record>
  <record>
    <ItemType>PANTS</ItemType>
    <ItemPlace>PANTS</ItemPlace>
    <ItemArmorType>HEAVY</ItemArmorType>
    <Properties>
      <Property>PHYSICAL_DEFENCE</Property>
      <Property>PHYSICAL_BLOCK</Property>
    </Properties>
    <LevelRecords>
      <Record Level="3" ItemLevel="0">
        <Value>3</Value>
        <Value>1</Value>
      </Record>
      <Record Level="13" ItemLevel="0">
        <Value>6</Value>
        <Value>2</Value>
      </Record>
      <Record Level="33" ItemLevel="0">
        <Value>12</Value>
        <Value>4</Value>
      </Record>
      <Record Level="53" ItemLevel="0">
        <Value>20</Value>
        <Value>7</Value>
      </Record>
    </LevelRecords>
  </record>
</root>